{"cameraMode":{"drawMode":0,"name":"Shaded","section":"Shading Mode"},"sceneLighting":true,"audioPlay":false,"sceneViewState":{"m_AlwaysRefresh":false,"showFog":true,"showSkybox":false,"showFlares":true,"showImageEffects":true,"showParticleSystems":true,"showVisualEffectGraphs":true,"m_FxEnabled":true},"in2DMode":false,"pivot":{"x":-0.07600879669189453,"y":1.075331449508667,"z":0.3076501488685608},"rotation":{"x":0.10172387212514878,"y":0.8686643838882446,"z":-0.20010019838809968,"w":0.44159799814224245},"size":0.8021238446235657,"orthographic":false}