{"cameraMode":{"drawMode":0,"name":"Shaded","section":"Shading Mode"},"sceneLighting":true,"audioPlay":false,"sceneViewState":{"m_AlwaysRefresh":false,"showFog":true,"showSkybox":false,"showFlares":true,"showImageEffects":true,"showParticleSystems":true,"showVisualEffectGraphs":true,"m_FxEnabled":true},"in2DMode":false,"pivot":{"x":15.971593856811524,"y":0.9038679003715515,"z":6.582618713378906},"rotation":{"x":0.12614412605762483,"y":0.8337202668190002,"z":-0.21309666335582734,"w":0.4935685694217682},"size":0.8021238446235657,"orthographic":false}