{"cameraMode":{"drawMode":0,"name":"Shaded","section":"Shading Mode"},"sceneLighting":true,"audioPlay":false,"sceneViewState":{"m_AlwaysRefresh":false,"showFog":true,"showSkybox":false,"showFlares":true,"showImageEffects":true,"showParticleSystems":true,"showVisualEffectGraphs":true,"m_FxEnabled":true},"in2DMode":false,"pivot":{"x":-0.4647238850593567,"y":0.17605173587799073,"z":-11.98845100402832},"rotation":{"x":0.005401603877544403,"y":-0.9744901061058044,"z":0.22305305302143098,"w":0.0235810074955225},"size":1.7849886417388917,"orthographic":false}