{"cameraMode":{"drawMode":0,"name":"Shaded","section":"Shading Mode"},"sceneLighting":false,"audioPlay":false,"sceneViewState":{"m_AlwaysRefresh":false,"showFog":true,"showSkybox":true,"showFlares":true,"showImageEffects":true,"showParticleSystems":true,"showVisualEffectGraphs":true,"m_FxEnabled":true},"in2DMode":false,"pivot":{"x":-35.334922790527347,"y":51.057865142822269,"z":-11.865898132324219},"rotation":{"x":0.2504822313785553,"y":0.5299710631370544,"z":-0.16746780276298524,"w":0.7926746606826782},"size":0.7073535323143005,"orthographic":false}