{"cameraMode":{"drawMode":0,"name":"Shaded","section":"Shading Mode"},"sceneLighting":true,"audioPlay":false,"sceneViewState":{"m_AlwaysRefresh":false,"showFog":true,"showSkybox":true,"showFlares":true,"showImageEffects":true,"showParticleSystems":true,"showVisualEffectGraphs":true,"m_FxEnabled":true},"in2DMode":false,"pivot":{"x":32.44475555419922,"y":-17.885705947875978,"z":16.593286514282228},"rotation":{"x":0.2457616776227951,"y":0.4842049479484558,"z":-0.14388765394687653,"w":0.8272479176521301},"size":27.272048950195314,"orthographic":false}