{"cameraMode":{"drawMode":0,"name":"Shaded","section":"Shading Mode"},"sceneLighting":true,"audioPlay":false,"sceneViewState":{"m_AlwaysRefresh":false,"showFog":true,"showSkybox":true,"showFlares":true,"showImageEffects":true,"showParticleSystems":true,"showVisualEffectGraphs":true,"m_FxEnabled":true},"in2DMode":false,"pivot":{"x":2.344752073287964,"y":-1.5123028755187989,"z":-63.04983139038086},"rotation":{"x":0.0006890026852488518,"y":0.999199628829956,"z":-0.02944766730070114,"w":0.024702707305550576},"size":27.272048950195314,"orthographic":false}