{"cameraMode":{"drawMode":0,"name":"Shaded","section":"Shading Mode"},"sceneLighting":true,"audioPlay":false,"sceneViewState":{"m_AlwaysRefresh":false,"showFog":true,"showSkybox":true,"showFlares":true,"showImageEffects":true,"showParticleSystems":true,"showVisualEffectGraphs":true,"m_FxEnabled":true},"in2DMode":false,"pivot":{"x":19.12165069580078,"y":-2.768578290939331,"z":63.555076599121097},"rotation":{"x":0.04471557214856148,"y":0.05000773072242737,"z":-0.0022842560429126026,"w":0.9977044463157654},"size":27.272048950195314,"orthographic":false}