{"cameraMode":{"drawMode":0,"name":"Shaded","section":"Shading Mode"},"sceneLighting":true,"audioPlay":false,"sceneViewState":{"m_AlwaysRefresh":false,"showFog":true,"showSkybox":true,"showFlares":true,"showImageEffects":true,"showParticleSystems":true,"showVisualEffectGraphs":true,"m_FxEnabled":true},"in2DMode":false,"pivot":{"x":-16.562294006347658,"y":-9.427821159362793,"z":-11.639626502990723},"rotation":{"x":0.1271328330039978,"y":-0.8414478898048401,"z":0.22560971975326539,"w":0.47414401173591616},"size":13.254694938659668,"orthographic":false}